,Name,Latitude,Longitude,Address,Full Address
0,Burger King,34.19266229999999,-117.361992,"3235 W Little League Dr, San Bernardino","['3235, West Little League Drive, San Bernardino, San Bernardino County, California, 92407, United States']"
1,Burger King,34.1355944,-117.2936554,"487 W Highland Ave, San Bernardino","['487, West Highland Avenue, San Bernardino, San Bernardino County, California, 92405, United States']"
2,Burger King,34.4861922,-117.2896243,"12925 Hesperia Rd, Victorville","['Chevron, 12925, Hesperia Road, Victorville, San Bernardino County, California, 92392, United States']"
3,Burger King,34.1362826,-117.1964848,"4150 E Highland Ave, Highland","['East Highland Avenue, Chestnut Hill, Philadelphia, Philadelphia County, Pennsylvania, 19118, United States']"
4,Burger King,34.5063975,-117.4000069,"12077 Palmdale Rd, Victorville","['12077, Palmdale Road, Victorville, San Bernardino County, California, 92392, United States']"
5,Burger King,34.853162,-117.0822613,"2580 High Point Pkwy, Barstow","['High Point Parkway, Barstow, San Bernardino County, California, 92347, United States']"
6,Burger King,34.4196674,-117.291588,"17021 Main St, Hesperia","['17021, Main Street, Hesperia, San Bernardino County, California, 92345, United States']"
7,Burger King,34.4258647,-117.3782368,"9640 Mariposa Rd, Hesperia","['9640, Mariposa Road, Hesperia, San Bernardino County, California, 92345, United States']"
8,Burger King,34.9910955,-117.5407755,"6158 CA-58, Boron","['Mojave-Barstow Highway, Boron, Kern County, California, 93516-1645, United States']"
9,Burger King,34.8920373,-117.001766,"1540 E Main St, Barstow","['1540, East Main Street, Barstow, San Bernardino County, California, 92311, United States']"
10,Burger King,34.4272712,-117.572931,"9760 Sheep Creek Rd, Phelan","['9760, Sheep Creek Road, Phelan, San Bernardino County, California, 92371, United States']"
11,Burger King,34.8824806,-116.9917755,"621 Montara Rd, Barstow","['621, Montara Road, Barstow, San Bernardino County, California, 92311, United States']"
12,Burger King,34.4718421,-117.213816,"20610 Bear Valley Rd, Apple Valley","['20610, Bear Valley Road, Apple Valley, San Bernardino County, California, 92308, United States']"
13,Burger King,34.9215039,-117.8908162,"240 W. Fitzgerald Ave, Edwards AFB",['NaN']
14,Burger King,34.9208479,-117.9253811,Edwards,"['Edwards County, Texas, 78880, United States']"
15,Burger King,34.0978417,-118.2970074,"4918 Sunset Blvd, Los Angeles","['Sunset Blvd., Van Nuys, Los Angeles, Los Angeles County, California, 91406-1232, United States']"
16,Burger King,33.9769928,-118.3713921,"5228 W Centinela Ave, Los Angeles","['5228, West Centinela Avenue, Ladera Heights, Los Angeles County, California, 90045, United States']"
17,Burger King,34.0188964,-118.4213432,"3520 S Sepulveda Blvd, Los Angeles","['South Sepulveda Boulevard, Westchester, Los Angeles, Los Angeles County, California, 90045, United States']"
18,Burger King,34.0265393,-118.334789,"3036 Crenshaw Blvd, Los Angeles","['3036, Crenshaw Boulevard, Jefferson Park, Los Angeles, Los Angeles County, California, 90016, United States']"
19,Burger King,34.1793474,-118.319672,"545 N Victory Blvd, Burbank","['Burger King, 545, North Victory Boulevard, Burbank, Los Angeles County, California, 91502, United States']"
20,Burger King,34.2155217,-118.3872466,"7956 Lankershim Blvd, North Hollywood","['Lankershim Boulevard, North Hollywood, Los Angeles, Los Angeles County, California, 91601-3121, United States']"
21,Burger King,34.2743688,-118.4112194,"12781 Van Nuys Blvd, Pacoima","['Van Nuys Boulevard, Pacoima, Los Angeles, Los Angeles County, California, 91331-2536, United States']"
22,Burger King,34.003424,-118.2823786,"4410 S Figueroa St, Los Angeles","['South Figueroa Street, Harbor Gateway, Los Angeles, Los Angeles County, California, 90248, United States']"
23,Burger King,34.0534536,-118.2755465,"1830 W 8th St, Los Angeles","['1830, West 8th Street, Westlake South, Westlake, Los Angeles, Los Angeles County, California, 90057, United States']"
24,Burger King,34.0223806,-118.2612057,"2511 San Pedro St, Los Angeles","['San Pedro Street, Fashion District, Downtown, Los Angeles, Los Angeles County, California, 90011:90021, United States']"
25,Burger King,33.8956887,-118.2206637,"290 E Compton Blvd, Compton","['Burger King, 290, East Compton Boulevard, Compton, Los Angeles County, California, 90221, United States']"
26,Burger King,33.9452891,-118.2788461,"304 W Century Blvd, Los Angeles","['West Century Boulevard, Westchester, Los Angeles, Los Angeles County, California, 90045-5663, United States']"
27,Burger King,34.0985969,-118.3116517,"5609 Sunset Blvd, Los Angeles","['Sunset Blvd., Van Nuys, Los Angeles, Los Angeles County, California, 91406-1232, United States']"
28,Burger King,33.9161611,-118.342391,"3930 W El Segundo Blvd, Hawthorne","['3930, West El Segundo Boulevard, Hawthorne, Los Angeles County, California, 90250, United States']"
29,Burger King,34.1688645,-118.5970527,"5450 Canoga Ave, Woodland Hills","['5450, Canoga Avenue, Woodland Hills, Los Angeles, Los Angeles County, California, 91367, United States']"
30,Burger King,34.098221,-118.3438991,"7079 Sunset Blvd, Hollywood","['Sunset Boulevard, Los Angeles, Los Angeles County, California, 90029-2105, United States']"
31,Burger King,33.9749586,-118.2351233,"2051 E Florence Ave, Los Angeles","['2051, East Florence Avenue, Florence-Firestone, Firestone Park, Los Angeles County, California, 90001, United States']"
32,Burger King,34.3779394,-118.5636847,"24530 Lyons Ave, Newhall","['Lyons Avenue, Newhall, Santa Clarita, Los Angeles County, California, 91355-3054, United States']"
33,Burger King,34.224808,-118.5357495,"8500 Reseda Blvd, Northridge","['8500, Reseda Boulevard, Northridge, Los Angeles, Los Angeles County, California, 91324, United States']"
34,Burger King,33.9596544,-118.3802976,"5656 W Manchester Ave, Los Angeles","['5656, West Manchester Avenue, Westchester, Los Angeles, Los Angeles County, California, 90045, United States']"
35,Burger King,37.745639,-122.4202528,"1690 Valencia St, San Francisco","['Burger King, 1690, Valencia Street, San Francisco, California, 94110, United States']"
36,Burger King,37.7831366,-122.4212139,"819 Van Ness Ave, San Francisco","['Burger King, 819, Van Ness Avenue, Civic Center, San Francisco, California, 94102, United States']"
37,Burger King,37.7441502,-122.4040275,"245 Bayshore Blvd, San Francisco","['Burger King, 245, Bayshore Boulevard, San Francisco, California, 94124, United States']"
38,Burger King,37.7852854,-122.433317,"1701 Fillmore St, San Francisco","['1701, Fillmore Street, Western Addition, San Francisco, California, 94115, United States']"
39,Burger King,37.781356,-122.4612407,"3900 Geary Blvd, San Francisco","['Burger King, 3900, Geary Boulevard, Jordan Park, San Francisco, California, 94118, United States']"
40,Burger King,37.78508190000001,-122.408064,"35 Powell St, San Francisco","['35, Powell Street, Union Square, San Francisco, California, 94102, United States']"
41,Burger King,37.7018374,-122.4848098,"898 John Daly Blvd, Daly City","['898, John Daly Boulevard, Daly City, San Mateo County, California, 94015, United States']"
42,Burger King,37.6541869,-122.4327135,"972 El Camino Real, South San Francisco","['972, El Camino Real, Baden, South San Francisco, San Mateo County, California, 94080, United States']"
43,Burger King,37.6770985,-122.4675547,"111 Colma Blvd, Colma","['Burger King, 111, Colma Boulevard, Colma, San Mateo County, California, 94014, United States']"
44,Burger King,37.8369053,-122.2934318,"5701 Christie Ave, Emeryville","['Burger King, 5701, Christie Avenue, Emeryville, Alameda County, California, 94608, United States']"
45,Burger King,37.83265189999999,-122.2531498,"4424 Broadway, Oakland","['4424, Broadway, Piedmont Avenue, Oakland, Alameda County, California, 94611, United States']"
46,Burger King,37.7591036,-122.2515324,"2200 Otis Dr, Alameda","['Burger King, 2200, Otis Drive, South Shore, Alameda, Alameda County, California, 94501, United States']"
47,Burger King,37.7879716,-122.2462194,"1541 E 12th St, Oakland","['1541, East 12th Street, San Antonio, Oakland, Alameda County, California, 94606, United States']"
48,Burger King,37.6382045,-122.4200987,"1278 El Camino Real, San Bruno","['1278, El Camino Real, San Bruno, San Mateo County, California, 94066, United States']"
49,Burger King,37.7453001,-122.1956214,"580 Hegenberger Rd, Oakland","['580, Hegenberger Road, Oakland, Alameda County, California, 94621, United States']"
50,Burger King,37.7731735,-122.2155558,"4200 International Blvd, E 14th St, Oakland",['NaN']
51,Burger King,37.6028704,-122.3921535,"420 El Camino Real, Millbrae","['Burger King, 420, El Camino Real, Millbrae, San Mateo County, California, 94030, United States']"
52,Burger King,37.9249782,-122.3644888,"550 Cutting Blvd, Richmond","['Burger King, 550, Cutting Boulevard, Richmond, Contra Costa County, California, 94804, United States']"
53,Burger King,37.7183046,-122.1820097,"1934 Davis St, San Leandro","['Burger King, 1934, Davis Street, San Leandro, Alameda County, California, 94577, United States']"
54,Burger King,34.0487727,-117.946617,"1601 N Hacienda Blvd, La Puente","['Burger King, 1601, North Hacienda Boulevard, La Puente, Los Angeles County, California, 91744, United States']"
55,Burger King,34.097821,-118.1206406,"600 E Main St, Alhambra","['600, East Main Street, Alhambra, Madison County, Illinois, 62001, United States']"
56,Burger King,34.0749859,-117.8904355,"245 N Citrus St, West Covina","['Citrus Street, West Covina, Los Angeles County, California, 91723, United States']"
57,Burger King,34.0268515,-118.1981142,"3501 Whittier Blvd, Los Angeles","['3501, Whittier Boulevard, Boyle Heights, Los Angeles, Los Angeles County, California, 90023, United States']"
58,Burger King,33.6435887,-117.7437409,"8695 Irvine Center Dr, Irvine","['8695, Irvine Center Drive, Irvine Spectrum, Irvine, Orange County, California, 92618, United States']"
59,Burger King,33.8422756,-117.9587634,"814 N Brookhurst St, Anaheim","['Brookhurst Street, Anaheim, Orange County, California, 92802-1013, United States']"
60,Burger King,33.7269609,-117.8225977,"14601 Red Hill Ave, Tustin","['Burger King, 14601, Red Hill Avenue, Browning, Tustin, Orange County, California, 92780, United States']"
61,Burger King,34.0187019,-118.1114615,"1212 W Beverly Blvd, Montebello","['1212, West Beverly Boulevard, Montebello, Los Angeles County, California, 90640, United States']"
62,Burger King,33.9163336,-118.0114836,"12730 La Mirada Blvd, La Mirada","['12730, La Mirada Boulevard, La Mirada, Los Angeles County, California, 90638, United States']"
63,Burger King,33.901987,-118.0463415,"13400 Rosecrans Ave, Norwalk","['13400, Rosecrans Avenue, Norwalk, Los Angeles County, California, 90650, United States']"
64,Burger King,33.9131205,-117.8655182,"2595 E Imperial Hwy, Brea","['Walmart, 2595, East Imperial Highway, Brea, Orange County, California, 92821, United States']"
65,Burger King,33.7249553,-117.9898631,"16331 Beach Blvd, Huntington Beach","['Burger King, 16331, Beach Boulevard, Boulevard Gardens, Huntington Beach, Orange County, California, 92647, United States']"
66,Burger King,34.0001842,-118.0844879,"8890 Whittier Blvd, Pico Rivera","['8890, Whittier Boulevard, Pico Rivera, Los Angeles County, California, 90660, United States']"
67,Burger King,33.804813,-118.1889009,"2600 Long Beach Blvd, Long Beach","['2600, Long Beach Boulevard, Beach Haven Terrace, Long Beach Township, Ocean County, New Jersey, 08008, United States']"
68,Burger King,33.9541111,-118.1292184,"10014 Paramount Blvd, Downey","['10014, Paramount Boulevard, Downey, Los Angeles County, California, 90240, United States']"
69,Burger King,33.80300100000001,-117.226527,"1688 N Perris Blvd, Perris","['Regency Perris 10, 1688, North Perris Boulevard, Perris, Riverside County, California, 92571, United States']"
70,Burger King,33.77215109999999,-118.1933615,"127 W 4th St, Long Beach","['127, West 4th Street, Long Beach, Los Angeles County, California, 90802, United States']"
71,Burger King,33.8592574,-118.0719835,"18918 Norwalk Blvd, Artesia","['18918, Norwalk Boulevard, Artesia, Los Angeles County, California, 90701, United States']"
72,Burger King,33.8177313,-117.9082936,"1201 S Anaheim Blvd, Anaheim","['MUZEO, 241, South Anaheim Boulevard, Anaheim, Orange County, California, 92805, United States']"
73,Burger King,33.7508659,-117.8673322,"701 N Main St, Santa Ana","['701, North Main Street, French Park, Santa Ana, Orange County, California, 92701, United States']"
74,Burger King,33.7295061,-117.7886872,"13221 Jamboree Rd, Tustin","['Burger King, 13221, Jamboree Road, Tustin Market Place, Tustin Ranch, Tustin, Orange County, California, 92782, United States']"
75,Burger King,38.4094128,-121.3841937,"8637 Elk Grove Blvd, Elk Grove","['Burger King, 8637, Elk Grove Boulevard, Elk Grove, Sacramento County, California, 95624, United States']"
76,Burger King,38.5944576,-121.2876678,"2881 Zinfandel Dr, Rancho Cordova","['Burger King, 2881, Zinfandel Drive, Rancho Cordova, Sacramento County, California, 95670, United States']"
77,Burger King,38.5562611,-121.3357929,"3601 Bradshaw Rd, Sacramento","['Burger King, 3601, Bradshaw Road, Rancho Cordova, Sacramento County, California, 95827, United States']"
78,Burger King,37.9880804,-121.3219316,"4571 N Pershing Ave, Stockton","['Burger King, 4571, North Pershing Avenue, Stockton, San Joaquin County, California, 95207, United States']"
79,Burger King,38.4250589,-121.3904705,"9181 E Stockton Blvd, Elk Grove","['East Stockton Boulevard, Elk Grove, Sacramento County, California, 95624, United States']"
80,Burger King,38.6320208,-121.3288583,"7201 Fair Oaks Blvd, Carmichael","['Fair Oaks Boulevard, Carmichael, Sacramento County, California, 95609-0579, United States']"
81,Burger King,38.1165815,-121.3924177,"15050 Thornton Rd, Lodi","['Thornton Road, Lodi, San Joaquin County, California, 95209, United States']"
82,Burger King,38.0019414,-121.289717,"1502 E March Ln, Stockton","['1502, East March Lane, Akers, Stockton, San Joaquin County, California, 95210, United States']"
83,Burger King,38.13763460000001,-121.260416,"230 N Cherokee Ln, Lodi","['Cherokee Lane, Lodi, San Joaquin County, California, 94240, United States']"
84,Burger King,38.761546,-121.2556469,"1300 E Roseville Pkwy, Roseville","['Burger King, 1300, East Roseville Parkway, Roseville, Placer County, California, 95661, United States']"
85,Burger King,38.6592007,-121.3480429,"4960 Auburn Blvd, Sacramento","['Burger King, 4960, Auburn Boulevard, Sacramento County, California, 95841, United States']"
86,Burger King,38.2504612,-121.2918268,"526 Fairway Dr, Galt","['526, Fairway Drive, Galt, Sacramento County, California, 95632, United States']"
87,Burger King,38.7070183,-121.2712714,"7760 Sunrise Blvd, Citrus Heights","['7760, Sunrise Boulevard, Citrus Heights, Sacramento County, California, 95610, United States']"
88,Burger King,38.7061553,-121.3279954,"5869 Antelope Rd, Sacramento","['Burger King, 5869, Antelope Road, Antelope, Sacramento County, California, 95842, United States']"
89,Burger King,38.8185199,-121.1903098,"6075 Horseshoe Bar Rd, Loomis","['Burger King, 6075, Horseshoe Bar Road, Loomis, Placer County, California, 95650, United States']"
90,Burger King,38.5257374,-121.3709933,"5550 S Watt Ave, Sacramento","['5550, South Watt Avenue, Depot Park, Sacramento, Sacramento County, California, 95826, United States']"
91,Burger King,38.4822292,-121.3893359,"8501 Gerber Rd, Sacramento","['8501, Gerber Road, Elk Grove, Sacramento County, California, 95828, United States']"
92,Burger King,38.1150348,-121.2818455,"616 W Kettleman Ln, Lodi","['West Kettleman Lane, Lodi, San Joaquin County, California, 95242, United States']"
93,Burger King,38.6781536,-121.2653942,"8030 Greenback Ln, Citrus Heights","['8030, Greenback Lane, Citrus Heights, Sacramento County, California, 95610, United States']"
94,Burger King,37.988328,-121.2435481,"4608 Waterloo Rd, Stockton","['Waterloo Road, Stockton, San Joaquin County, California, 95205, United States']"
95,Burger King,37.96126,-122.5052874,"969 Francisco Blvd E, San Rafael","['Burger King, 969, Francisco Boulevard East, San Rafael, Marin County, California, 94901, United States']"
96,Burger King,37.9023169,-122.3041051,"6021 Central Ave, El Cerrito","['6021, Central Avenue, El Cerrito, Contra Costa County, California, 94530, United States']"
97,Burger King,37.8684797,-122.2970353,"849 University Ave, Berkeley","['849, University Avenue, West Berkeley, Berkeley, Alameda County, California, 94710, United States']"
98,Burger King,37.94889,-122.3321132,"12999 San Pablo Ave, Richmond","['12999, San Pablo Avenue, Richmond, San Pablo, Contra Costa County, California, 94805, United States']"
99,Burger King,37.9353215,-122.3564771,"1300 Macdonald Ave, Richmond","['MacDonald Avenue, Richmond, Contra Costa County, California, 94805, United States']"
100,Burger King,37.9918379,-122.3020095,"1571 Fitzgerald Dr, Pinole","['1571, Fitzgerald Drive, Pinole, Contra Costa County, California, 94564, United States']"
101,Burger King,37.7673954,-122.1784045,"7200 Bancroft, Oakland","['7200, Bancroft Avenue, Eastmont, Oakland, Alameda County, California, 94605, United States']"
102,Burger King,34.1071276,-117.4363938,"16878 Foothill Blvd, Fontana","['16878, Foothill Boulevard, Fontana, San Bernardino County, California, 92335, United States']"
103,Burger King,34.1229562,-117.5755329,"7235 Haven Ave, Rancho Cucamonga","['Burger King, 7235, Haven Avenue, Rancho Cucamonga, San Bernardino County, California, 91701, United States']"
104,Burger King,34.073785,-118.023418,"3717 Peck Rd, El Monte","['Burger King, 3717, Peck Road, Hayes, West Covina, El Monte, Los Angeles County, California, 91731, United States']"
105,Burger King,34.2438563,-118.4228655,"13310 Osborne St, Pacoima","['Osborne Street, Pacoima, Los Angeles, Los Angeles County, California, 91331-2536, United States']"
106,Burger King,34.20446,-118.2222918,"2060 Verdugo Blvd, Montrose","['Montrose Heathcare Center, 2123, Verdugo Boulevard, Glendale, Los Angeles County, California, 91020, United States']"
107,Burger King,34.0105258,-118.3086683,"1662 W Martin Luther King Jr Blvd, Los Angeles","['West Martin Luther King Junior Boulevard, Baldwin Hills/Crenshaw, Los Angeles, Los Angeles County, California, 90008, United States']"
108,Burger King,40.53863339999999,-122.3544386,"5001 Bechelli Ln, Redding","['Bechelli Lane, The Bluffs, Redding, Shasta County, California, 96002, United States']"
109,Burger King,40.5713569,-122.3571297,"802 E Cypress Ave, Redding","['Burger King, 802, East Cypress Avenue, Redding, Shasta County, California, 96002, United States']"
110,Burger King,40.183193,-122.2204532,"210 Antelope Blvd, Red Bluff","['Antelope Boulevard, Red Bluff, Tehama County, California, 96080, United States']"
111,Burger King,40.58611519999999,-122.400865,"2055 Eureka Way, Redding","['Burger King, 2055, Eureka Way, Redding, Shasta County, California, 96001, United States']"
112,Burger King,40.4569236,-122.2940459,"2535 North St, Anderson","['2535, North Street, Anderson, Shasta County, California, 96007, United States']"
113,Burger King,40.6792925,-122.3505937,"1725 Cascade Blvd, Shasta Lake","['Burger King, 1725, Cascade Boulevard, Shasta Lake, Shasta County, California, 96079, United States']"
114,Burger King,37.6893754,-121.0310979,"2020 Standiford Ave, Modesto","['2020, Standiford Avenue, Modesto, Stanislaus County, California, 95350, United States']"
115,Burger King,37.7323546,-120.9500366,"2572 Patterson Rd, Riverbank","['2572, Patterson Road, Riverbank, Stanislaus County, California, 95367, United States']"
116,Burger King,37.7988519,-120.998126,"1108 Yosemite Ave, Escalon","['1108, Yosemite Avenue, Escalon, San Joaquin County, California, 95320, United States']"
117,Burger King,37.6490807,-121.0303165,"1042 N Carpenter Rd, Modesto","['1042, North Carpenter Road, Modesto, Stanislaus County, California, 95351, United States']"
118,Burger King,37.7097975,-121.0794638,"4612 Kiernan Ave, Salida","['Kiernan Avenue, Salida, Stanislaus County, California, 95368, United States']"
119,Burger King,37.6611784,-120.9579941,"1233 Oakdale Rd, Modesto","['1233, Oakdale Road, Modesto, Stanislaus County, California, 95355, United States']"
120,Burger King,37.7728593,-120.829643,"1525 E F St, Oakdale","['Burger King, 1525, East F Street, Oakdale, Stanislaus County, California, 95361, United States']"
121,Burger King,37.6899235,-120.9584342,"2101 Sylvan Ave, Modesto","['2101, Sylvan Avenue, Modesto, Stanislaus County, California, 95355, United States']"
122,Burger King,37.6386389,-120.9302755,"3401 Yosemite Blvd, Modesto","['3401, Yosemite Boulevard, Modesto, Stanislaus County, California, 95354, United States']"
123,Burger King,37.6762288,-120.9936592,"2320 McHenry Ave, Modesto","['2320, McHenry Avenue, Modesto, Stanislaus County, California, 95350, United States']"
124,Burger King,38.4956468,-121.0984969,"14813 Jackson Rd, Sloughhouse",['NaN']
125,Burger King,37.6377351,-120.7733807,"11900 Yosemite Blvd, Waterford","['11900, Yosemite Boulevard, Waterford, Stanislaus County, California, 95386, United States']"
126,Burger King,38.1918511,-120.8262232,"200 CA-12, Valley Springs","['200, W HWY 12, Valley Springs, Calaveras County, California, 95252, United States']"
127,Burger King,38.3625337,-120.8029617,"11950 CA-88, Martell","['Burger King, 11950, CA 88, Martell, Amador County, California, 95642, United States']"
128,Burger King,37.7053837,-122.1280414,"15050 E 14th St, San Leandro","['Burger King, 15050, East 14th Street, San Leandro, Alameda County, California, 94578, United States']"
129,Burger King,37.9033371,-122.0615561,"1799 N Broadway, Walnut Creek","['1799, North Broadway, Walnut Creek, Contra Costa County, California, 94596, United States']"
130,Burger King,37.6943269,-122.0853554,"2757 Castro Valley Blvd, Castro Valley","['Burger King, 2757, Castro Valley Boulevard, Castro Valley, Alameda County, California, 94546, United States']"
131,Burger King,37.9951333,-122.0312391,"3399 Port Chicago Hwy, Concord","['3399, Port Chicago Highway, Concord, Contra Costa County, California, 94520, United States']"
132,Burger King,38.0212886,-122.2615355,"844 Willow Ave, Hercules","['844, Willow Avenue, Hercules, Contra Costa County, California, 94547, United States']"
133,Burger King,37.597826,-122.0651744,"31361 Alvarado-Niles Rd, Union City","['Burger King, 31361, Alvarado-Niles Road, Union City, Alameda County, California, 94587, United States']"
134,Burger King,37.6655184,-122.11699,"950 W A St, Hayward","['Burger King, 950, West A Street, Hayward, Alameda County, California, 94545, United States']"
135,Burger King,37.6379561,-122.1013628,"26251 Hesperian Blvd, Hayward","['26251, Hesperian Boulevard, Hayward, Alameda County, California, 94545, United States']"
136,Burger King,38.0049782,-121.8354577,"2440 Mahogany Way, Antioch","['Mahogany Way, Antioch, Contra Costa County, California, 94509, United States']"
137,Burger King,34.040236,-118.2920755,"1845 S Vermont Ave, Los Angeles","['1845, South Vermont Avenue, Pico-Union, Los Angeles, Los Angeles County, California, 90006, United States']"
138,Burger King,40.8043457,-124.1522804,"417 S St, Eureka","['417, S Street, Eureka, Humboldt County, California, 95501, United States']"
139,Burger King,40.5818517,-124.1462642,"925 S Fortuna Blvd, Fortuna","['925, South Fortuna Boulevard, Fortuna, Humboldt County, California, 95540, United States']"
140,Burger King,40.9400632,-124.101384,"1645 Heartwood Dr, McKinleyville","['Burger King, 1645, Heartwood Drive, McKinleyville, Humboldt County, California, 95519, United States']"
141,Burger King,35.2581983,-120.6914717,"1358 Madonna Rd, San Luis Obispo","['1358, Madonna Road, San Luis Obispo, San Luis Obispo County, California, 93405, United States']"
142,Burger King,35.4745089,-120.6548609,"8304 El Camino Real, Atascadero","['Burger King, 8304, El Camino Real, Atascadero, San Luis Obispo County, California, 93423, United States']"
143,Burger King,34.974096,-120.4351625,"1864 N Broadway, Santa Maria","['1864, North Broadway, Santa Maria, Santa Barbara County, California, 93454, United States']"
144,Burger King,34.9522895,-120.4161483,"120 Nicholson Ave, Santa Maria","['120, Nicholson Avenue, Santa Maria, Santa Barbara County, California, 93454, United States']"
145,Burger King,34.9231009,-120.4356449,"2050 S Broadway, Santa Maria","['2050, South Broadway, Santa Maria, Santa Barbara County, California, 93454, United States']"
146,Burger King,35.3681867,-120.8425572,"781 Quintana Rd, Morro Bay","['Burger King, 781, Quintana Road, Morro Bay, San Luis Obispo County, California, 93442, United States']"
147,Burger King,35.1213438,-120.6095712,"1773 W Grand Ave, Grover Beach","['Grover Beach, West Grand Avenue, Grover Beach, San Luis Obispo County, California, 93433, United States']"
148,Burger King,34.736234,-120.535885,"747 Nebraska Ave, Lompoc",['NaN']
149,Burger King,35.318017,-119.0308559,"2508 White Ln, Bakersfield","['2508, White Lane, Bakersfield, Kern County, California, 93304, United States']"
150,Burger King,35.41283,-119.0575154,"5120 Olive Dr, Bakersfield","['5120, Olive Drive, Bakersfield, Kern County, California, 93308, United States']"
151,Burger King,35.354661,-119.093506,"8200 Stockdale Hwy, Bakersfield","['8200, Stockdale Highway, Bakersfield, Kern County, California, 93311, United States']"
152,Burger King,35.4416772,-119.0774719,"35112 Merle Haggard Dr, Bakersfield",['NaN']
153,Burger King,35.3970527,-118.9704805,"1949 Columbus Ave, Bakersfield",['NaN']
154,Burger King,35.3757038,-118.9350184,"6217 Niles St, Bakersfield","['Niles Street, Kern, Bakersfield, Kern County, California, 93305, United States']"
155,Burger King,35.3185218,-119.090866,"7990 White Ln, Bakersfield","['7990, White Lane, Bakersfield, Kern County, California, 93309, United States']"
156,Burger King,35.1320356,-118.4574273,"620 W Tehachapi Blvd, Tehachapi","['620, West Tehachapi Boulevard, Tehachapi, Kern County, California, 93561, United States']"
157,Burger King,35.3908255,-119.0034335,"3405 Union Ave, Bakersfield","['3405, Union Avenue, Bakersfield, Kern County, California, 93305, United States']"
158,Burger King,34.9921695,-118.9413887,"5552 S Wheeler Ridge Rd, Arvin",['NaN']
159,Burger King,35.209399,-118.8342653,"802 Bear Mountain Blvd, Arvin","['802, Bear Mountain Boulevard, Arvin, Kern County, California, 93203, United States']"
160,Burger King,35.6178762,-118.47725,"5600 Lake Isabella Blvd, Lake Isabella",['NaN']
161,Burger King,35.6012826,-119.3495209,"2101 CA-46, Wasco","['2101, Paso Robles Highway, Wasco, Kern County, California, 93280, United States']"
162,Burger King,35.2674156,-118.9162058,"E Panama Rd. at, Main St, Lamont",['NaN']
163,Burger King,35.6178356,-118.4772776,Lake Isabella,"['Lake Isabella, Kern County, California, United States']"
164,Burger King,35.6125418,-120.681746,"180 Niblick Rd, Paso Robles","['Walmart, 180, Niblick Road, Woodland Plaza II, Paso Robles, San Luis Obispo County, California, 93446, United States']"
165,Burger King,37.4924507,-120.8680038,"1610 W Main St, Turlock","['1610, West Main Street, Turlock, Stanislaus County, California, 95380, United States']"
166,Burger King,37.5161213,-120.8486076,"2590 Geer Rd, Turlock","['Burger King, 2590, Geer Road, Turlock, Stanislaus County, California, 95382, United States']"
167,Burger King,36.9748533,-120.0724179,"1103 Country Club Dr, Madera","['1103, Country Club Drive, Madera, Madera County, California, 93638, United States']"
168,Burger King,37.3606527,-120.6143367,"2721 Winton Way, Atwater","['Burger King, 2721, North Winton Way, Atwater, Merced County, California, 95301, United States']"
169,Burger King,37.5925767,-120.938247,"2732 Mitchell Rd, Ceres","['2732, Mitchell Road, Ceres, Stanislaus County, California, 95307, United States']"
170,Burger King,37.2881468,-120.4543175,"1965 E Childs Ave, Merced","['Burger King, 1965, East Childs Avenue, Merced, Merced County, California, 95341, United States']"
171,Burger King,37.3197324,-120.4771908,"555 W Olive Ave, Merced","['Burger King, 555, West Olive Avenue, Merced, Merced County, California, 95348, United States']"
172,Burger King,37.0565599,-120.8519483,"525 W Pacheco Blvd, Los Banos","['Burger King, 525, West Pacheco Boulevard, Los Banos, Merced County, California, 93635, United States']"
173,Burger King,37.5477152,-120.9014994,"6001 N Golden State Blvd, Turlock","['North Golden State Boulevard, Turlock, Stanislaus County, California, 95328, United States']"
174,Burger King,37.3093917,-121.0193436,"1955 N St, Newman","['Burger King, 1955, N Street, Newman, Stanislaus County, California, 95360, United States']"
175,Burger King,37.6096377,-120.9715185,"1421 E Hatch Rd, Ceres","['1421, East Hatch Road, Ceres, Stanislaus County, California, 95351, United States']"
176,Burger King,37.0546522,-121.0154817,"28991 Gonzaga Rd, Santa Nella",['NaN']
177,Burger King,38.527843,-121.4445126,"5150 Stockton Blvd, Sacramento","['5150, Stockton Boulevard, Fruitridge Manor, Sacramento, Sacramento County, California, 95820, United States']"
178,Burger King,38.6151735,-121.5389356,"2714 El Centro Rd, Sacramento","['Burger King, 2714, El Centro Road, Sacramento County, California, 95833, United States']"
179,Burger King,38.5980788,-121.4212599,"1915 Arden Way, Sacramento","['Burger King, 1915, Arden Way, Sacramento, Sacramento County, California, 95815, United States']"
180,Burger King,38.5239642,-121.49802,"5610 Freeport Blvd, Sacramento","['Burger King, 5610, Freeport Boulevard, Sacramento, Sacramento County, California, 95822, United States']"
181,Burger King,38.7616471,-121.3098116,"5121 Foothills Blvd, Roseville","['Burger King, 5121, Foothills Boulevard, Roseville, Placer County, California, 95678, United States']"
182,Burger King,38.4946916,-121.5233796,"7225 Greenhaven Dr, Sacramento","['Burger King, 7225, Greenhaven Drive, Sacramento, Sacramento County, California, 95831, United States']"
183,Burger King,38.4549656,-121.4064379,"8338 Power Inn Rd, Elk Grove","['8338, Power Inn Road, Elk Grove, Sacramento County, California, 95624, United States']"
184,Burger King,38.5895687,-121.551125,"763 Ikea Ct #120, West Sacramento","['763, Ikea Court, Riverpoint Marketplace, West Sacramento, Yolo County, California, 95605, United States']"
185,Burger King,39.1262692,-121.576362,"1101 N Beale Rd, Marysville",['NaN']
186,Burger King,33.7081288,-117.8858489,"2850 S Bristol St, Santa Ana","['2850, South Bristol Street, Santa Ana, Orange County, California, 92704, United States']"
187,Burger King,33.7090314,-117.8592186,"601 E Dyer Rd, Santa Ana","['601, East Dyer Road, Dyer, Santa Ana, Orange County, California, 92705, United States']"
188,Burger King,33.7461366,-117.9204597,"200 N Harbor Blvd, Santa Ana","['South Harbor Boulevard, Santa Ana, Orange County, California, 92704-7096, United States']"
189,Burger King,33.7823175,-118.0296414,"12401 Valley View St, Garden Grove","['12401, Valley View Street, Garden Grove, Orange County, California, 92845, United States']"
190,Burger King,33.7595162,-117.8373116,"2100 17th St, Santa Ana",['NaN']
191,Burger King,33.70056110000001,-117.9859644,"8230 Talbert Ave, Huntington Beach","['Walmart, 8230, Talbert Avenue, Liberty Park, Huntington Beach, Orange County, California, 92646, United States']"
192,Burger King,33.7788564,-118.2738527,"744 Wilmington Blvd, Wilmington","['744, North Wilmington Boulevard, Wilmington, Los Angeles, Los Angeles County, California, 90744, United States']"
193,Burger King,33.6602604,-117.8736784,"2122 South East Bristol 777!, Newport Beach",['NaN']
194,Burger King,36.3275189,-119.6494791,"301 W Lacey Blvd, Hanford","['301, West Lacey Boulevard, Hanford, Kings County, California, 93230, United States']"
195,Burger King,36.3581172,-119.6547255,"2567 N 11th Ave, Hanford","['2567, North 11th Avenue, Hanford, Kings County, California, 93230, United States']"
196,Burger King,36.3131443,-119.7817611,"65 W Hanford Armona Rd, Lemoore","['65, West Hanford Armona Road, Lemoore, Kings County, California, 93245, United States']"
197,Burger King,36.1361374,-120.3609096,"156 E Polk St, Coalinga","['156, East Polk Street, Coalinga, Fresno County, California, 93210, United States']"
198,Burger King,35.7902204,-119.2487247,"2344 Girard St, Delano","['2344, Girard Street, Delano, Kern County, California, 93215, United States']"
199,Burger King,35.1365345,-119.4467497,"309 Gardner Field Rd, Taft","['309, Gardner Field Road, Taft, Kern County, California, 93268, United States']"
200,Burger King,34.0632034,-117.2011842,"1320 Industrial Park Ave, Redlands","['1320, Industrial Park Avenue, Tri-City Shopping Center, Redlands, San Bernardino County, California, 92374, United States']"
201,Burger King,33.97592970000001,-117.3581377,"2167 University Ave, Riverside","['2167, University Avenue, Riverside, Riverside County, California, 92507, United States']"
202,Burger King,33.9196924,-116.7729199,"50900 Seminole Dr, Cabazon","['Seminole Drive, Cabazon, Riverside County, California, 92230, United States']"
203,Burger King,34.1064325,-117.39755,"1361 W Foothill Blvd, Rialto","['1361, West Foothill Boulevard, Rialto, San Bernardino County, California, 92376, United States']"
204,Burger King,34.10633790000001,-117.3613517,"503 E Foothill Blvd, Rialto","['503, East Foothill Boulevard, Rialto, San Bernardino County, California, 92376, United States']"
205,Burger King,33.5089279,-117.1277158,"30534 Rancho California Rd, Temecula","['30534, Rancho California Road, Portofino, Temeku Hills, Temecula, Riverside County, California, 92591, United States']"
206,Burger King,33.6931926,-117.3367055,"18611 Dexter Ave, Lake Elsinore","['18611, Dexter Avenue, North Elsinore, Lake Elsinore, Riverside County, California, 92532, United States']"
207,Burger King,34.0708374,-117.3707708,"120 W Valley Blvd, Rialto",['NaN']
208,Burger King,33.9395193,-117.2300515,"24800 Sunnymead Boulevard, Moreno Valley","['24800, Sunnymead Boulevard, Moreno Valley, Riverside County, California, 92553, United States']"
209,Burger King,33.8163207,-116.456556,"69-120 Ramon Rd, Cathedral City","['East Ramon Road, Cathedral City, Riverside County, California, 92276, United States']"
210,Burger King,34.1163669,-117.2783728,"935 N Waterman Ave, San Bernardino","['Waterman Avenue, San Bernardino, San Bernardino County, California, 92408-3539, United States']"
211,Burger King,34.0715633,-117.3955672,"10055 Cedar Ave, Bloomington","['Burger King, 10055, Cedar Avenue, Fontana, Bloomington, San Bernardino County, California, 92316, United States']"
212,Burger King,33.7478506,-116.9932674,"2020 W Florida Ave, Hemet","['2020, West Florida Avenue, Hemet, Riverside County, California, 92545, United States']"
213,Burger King,34.06274459999999,-117.2819006,"205 E Redlands Blvd, San Bernardino","['205, East Redlands Boulevard, Redlands, San Bernardino County, California, 92373, United States']"
214,Burger King,33.9932784,-117.0562832,"497 Sandalwood Dr, Calimesa","['497, Sandalwood Drive, Calimesa, Riverside County, California, 92320, United States']"
215,Burger King,33.5673156,-117.2065513,"40931 California Oaks Rd, Murrieta","['40931, California Oaks Road, California Oaks, Murrieta, Riverside County, California, 92562, United States']"
216,Burger King,35.2568293,-116.6876923,"979 Langford Lake Rd, Fort Irwin","['Langford Lake Road, Fort Irwin, San Bernardino County, California, 62310, United States']"
217,Burger King,34.0109104,-117.4362557,"6835 Valley Way, Riverside","['Valley Way, Sunnyslope, Jurupa Valley, Riverside County, California, 92509, United States']"
218,Burger King,33.9415398,-117.4544424,"5790 Van Buren Boulevard, Riverside","['5790, Van Buren Boulevard, Riverside, Riverside County, California, 92503, United States']"
219,Burger King,33.9369802,-117.4556494,"5200 Van Buren Boulevard, Riverside","['Walmart Supercenter, 5200, Van Buren Boulevard, Riverside, Riverside County, California, 92503, United States']"
220,Burger King,33.9090871,-117.4597733,"3630 Tyler St, Riverside","['3630, Tyler Street, Riverside, Riverside County, California, 92503, United States']"
221,Burger King,39.1451077,-121.6434188,"1581 Poole Blvd, Yuba City","['1581, Poole Boulevard, Yuba City, Sutter County, California, 95993, United States']"
222,Burger King,39.1418106,-121.6214596,"601 Colusa Ave, Yuba City","['Colusa Avenue, Yuba City, Sutter County, California, 905, United States']"
223,Burger King,39.1562296,-122.1470331,"480 E St, Williams","['480, East Street, Ray, Williams County, North Dakota, 58849, United States']"
224,Burger King,39.4992288,-121.5656304,"855 Oro Dam Blvd E, Oroville",['NaN']
225,Burger King,39.7143692,-121.7956889,"2520 Notre Dame Blvd, Chico","['2520, Notre Dame Boulevard, Chico, Butte County, California, 95928, United States']"
226,Burger King,39.7240308,-121.850253,"1104 W 2nd St, Chico","['1104, West 2nd Street, Chico, Butte County, California, 95928, United States']"
227,Burger King,39.2048847,-122.0037927,"1011 Bridge St, Colusa","['Bridge Street, Arbee, Colusa, Colusa County, California, 95932, United States']"
228,Burger King,39.3605547,-121.6873987,"1526 CA-99, Gridley","['CA 99, Gridley, Butte County, California, 95948, United States']"
229,Burger King,39.7492522,-122.2029608,"901 Newville Rd, Orland","['901, Newville Road, Orland, Glenn County, California, 95963, United States']"
230,Burger King,39.5250102,-122.212429,"455 N Humboldt Ave, Willows","['455, North Humboldt Avenue, Willows, Glenn County, California, 95988, United States']"
231,Burger King,39.1163751,-121.3890018,"Building #2453, Beale AFB",['NaN']
232,Burger King,33.6049089,-114.6057889,"379 S Lovekin Blvd, Blythe","['Burger King, 379, South Lovekin Boulevard, Blythe, Riverside County, California, 92225, United States']"
233,Burger King,33.6613377,-114.2407992,"1395 W Main St, Quartzsite","['West Main Street, Quartzsite, La Paz County, Arizona, 85346, United States']"
234,Burger King,33.9167767,-118.3672973,"5107 W El Segundo Blvd, Hawthorne","['West El Segundo Boulevard, Hawthorne, Los Angeles County, California, 90249, United States']"
235,Burger King,32.7687285,-115.5342629,"2903 S Dogwood Rd, El Centro","['South Dogwood Road, El Centro, Imperial County, California, 92243, United States']"
236,Burger King,32.6042799,-115.4780182,"Calz Anáhuac 301, Juventud Deportiva 2000, Mexicali",['NaN']
237,Burger King,32.65863760000001,-115.4774968,"Adolfo Lopez Mateos S/N Local 2-S, Revolucion, Mexicali",['NaN']
238,Burger King,32.6492187,-115.4718781,"Blvd. Lopez Mateos & C. del Hospital, Zona Industrial, Mexicali",['NaN']
239,Burger King,32.6104455,-115.3855001,"Plaza Nuevo, Blvrd Lázaro Cárdenas",['NaN']
240,Burger King Macroplaza del Valle,32.6211352,-115.5098293,"Blvrd Lázaro Cárdenas 2200, El Porvenir, Mexicali",['NaN']
241,Burger King PERIFERICO MEXICALI,32.62460430000001,-115.4162267,"Blvrd Lázaro Cárdenas 2955, Rancho la Bodega, Mexicali",['NaN']
242,Burger King,32.6399564,-115.4500734,"Boulevar Benito Juárez S/n, Jardines del Valle, Mexicali",['NaN']
243,Burger King,32.6543889,-115.4126326,"Calz. Manuel Gómez Morín 1800, Cataviña, Mexicali",['NaN']
244,Burger King,32.6241622,-115.499638,"Blvrd Lázaro Cárdenas 22, Villafontana, Mexicali",['NaN']
245,Burger King,32.5921323,-115.3557764,"Blvrd Lázaro Cárdenas 4289, Islas Agrarias Grupo A",['NaN']
246,Burger King,34.1349147,-118.1501806,"622 S Fair Oaks Ave, Pasadena","['622, South Fair Oaks Avenue, Pasadena, Los Angeles County, California, 91105, United States']"
247,Burger King,34.6569424,-120.45798,"1153 N H St, Lompoc","['Burger King, 1153, North H Street, Lompoc, Santa Barbara County, California, 93436, United States']"
248,Burger King,34.7035177,-118.1518838,"1202 W Ave I, Lancaster","['Burger King, 1202, West Avenue I, Lancaster, Los Angeles County, California, 93534, United States']"
249,Burger King,34.6756648,-118.1559626,"43627 15th St W, Lancaster","['43627, 15th Street West, Lancaster, Los Angeles County, California, 93534, United States']"
250,Burger King,33.9091967,-117.5598378,"1666 Second St, Norco",['NaN']
251,Burger King,34.1034797,-117.5315244,"12549 Foothill Blvd, Rancho Cucamonga","['Walmart, 12549, Foothill Boulevard, Rancho Cucamonga, San Bernardino County, California, 91739, United States']"
252,Burger King,38.3161819,-122.2984094,"3025 Jefferson St, Napa","['Jefferson Street, Salvador, Napa, Napa County, California, 94558, United States']"
253,Burger King,38.2431127,-122.0192038,"1260 Anderson Dr, Suisun City","['1260, Anderson Drive, Suisun City, Solano County, California, 94585, United States']"
254,Burger King,38.2755923,-122.6683831,"5304 Old Redwood Hwy N, Petaluma",['NaN']
255,Burger King,38.22142340000001,-122.12666,"190 Pittman Rd, Suisun City",['NaN']
256,Burger King,38.2595625,-122.0638503,"1475 Holiday Ln, Fairfield","['Burger King, 1475, Holiday Lane, Fairfield, Solano County, California, 94534, United States']"
257,Burger King,38.3499401,-122.7101867,"6125 Commerce Blvd, Rohnert Park","['6125, Commerce Boulevard, Rohnert Park, Sonoma County, California, 94926, United States']"
258,Burger King,38.2737729,-122.034737,"2415 N Texas St, Fairfield","['2415, North Texas Street, Fairfield, Solano County, California, 94533, United States']"
259,Burger King,38.5261476,-122.7870065,"6351 Hembree Ln, Windsor","['Hembree Lane, Shiloh, Windsor, Sonoma County, California, 95492, United States']"
260,Burger King,38.4521288,-122.770556,"2542 Guerneville Rd, Santa Rosa","['2542, Guerneville Road, Santa Rosa, Sonoma County, California, 95401, United States']"
261,Burger King,38.3643949,-122.7141912,"5020 Redwood Dr, Rohnert Park","['5020, Redwood Drive, Wilfred, Rohnert Park, Sonoma County, California, 94926, United States']"
262,Burger King,38.4073026,-122.8387377,"700 Gravenstein Hwy N, Sebastopol","['700, Gravenstein Highway North, Sebastopol, Sonoma County, California, 95472, United States']"
263,Burger King,38.4582022,-122.6747381,"56 Mission Cir, Santa Rosa","['56, Mission Circle, Santa Rosa, Sonoma County, California, 95409, United States']"
264,Burger King,38.3310148,-122.7146459,"8510 Gravenstein Hwy, Cotati","['8510, Gravenstein Highway, Cotati, Sonoma County, California, 94931, United States']"
265,Burger King,38.4283503,-122.7420037,"741 Stony Point Rd, Santa Rosa","['741, Stony Point Road, Santa Rosa, Sonoma County, California, 95407, United States']"
266,Burger King,34.2180259,-119.0393805,"181 Arneill Rd, Camarillo","['Burger King, 181, Arneill Road, Old Town, Camarillo, Ventura County, California, 93010, United States']"
267,Burger King,34.2213139,-119.177936,"2001 N Oxnard Blvd, Oxnard","['2001, North Oxnard Boulevard, Oxnard, Ventura County, California, 93036, United States']"
268,Burger King,34.2013653,-118.5952841,"21227 Sherman Way, Canoga Park","['21227, Sherman Way, Canoga Park, Los Angeles, Los Angeles County, California, 91303, United States']"
269,Burger King,34.2353634,-118.5030062,"9025 Balboa Blvd, Northridge","['9025, Balboa Boulevard, Northridge, Los Angeles, Los Angeles County, California, 91325, United States']"
270,Burger King,34.235067,-118.5613727,"19640 Nordhoff St, Northridge","['19640, Nordhoff Street, Northridge, Los Angeles, Los Angeles County, California, 91324, United States']"
271,Burger King,34.256937,-118.5876807,"20838 Devonshire St, Chatsworth","['20838, Devonshire Street, Chatsworth, Los Angeles, Los Angeles County, California, 91311, United States']"
272,Burger King,34.2240125,-119.1498437,"2800 Paseo Mercado, Oxnard","['2800, Paseo Mercado, Marketplace At Oxnard, Owl Mobile Manor, Oxnard, Ventura County, California, 93036, United States']"
273,Burger King,34.2777213,-119.2140225,"5950 Telegraph Rd, Ventura","['Burger King, 5950, Telegraph Road, Ventura, Ventura County, California, 93003, United States']"
274,Burger King,34.2814096,-119.3011292,"21 W Main St, Ventura","['Burger King, 21, West Main Street, Ventura, Ventura County, California, 93001, United States']"
275,Burger King,34.1764272,-119.1945893,"2500 S Ventura Rd, Oxnard","['South Ventura Road, Oxnard, Ventura County, California, 93030-6506, United States']"
276,Burger King,34.1450412,-118.7600586,"29136 Roadside Dr, Agoura Hills","['29136, Roadside Drive, Malibu Junction, Agoura Hills, Los Angeles County, California, 91301, United States']"
277,Burger King,34.2371097,-118.5285895,"18111 Nordhoff St, Northridge","['Freudian Sip, 18111, Nordhoff Street, Northridge, Los Angeles, Los Angeles County, California, 91330-8272, United States']"
278,Burger King,34.2713557,-118.7774133,"1152 E Los Angeles Ave, Simi Valley","['1152, East Los Angeles Avenue, Simi Valley, Ventura County, California, 93065, United States']"
279,Burger King,37.5418711,-122.3020135,"2817 S El Camino Real, San Mateo",['NaN']
280,Burger King,37.3782378,-121.9400293,"2532 Channing Ave, San Jose","['Burger King, 2532, Channing Avenue, San Jose, Santa Clara County, California, 95131, United States']"
281,Burger King,37.3518866,-121.9997475,"3750 El Camino Real, Santa Clara","['Burger King, 3750, El Camino Real, Santa Clara, Santa Clara County, California, 95051-4409, United States']"
282,Burger King,37.4804679,-122.2185642,"2102 Middlefield Rd, Redwood City","['2102, Middlefield Road, Redwood Junction, Redwood City, San Mateo County, California, 94063, United States']"
283,Burger King,37.6184179,-122.3860744,"San Francisco International Airport, San Francisco","['San Francisco International Airport, 780, South Airport Boulevard, South San Francisco, San Mateo County, California, 94128, United States']"
284,Burger King,37.6996136,-121.9045946,"5315 Hopyard Rd, Pleasanton","['Burger King, 5315, Hopyard Road, Pleasanton, Alameda County, California, 94588, United States']"
285,Burger King,37.4155015,-121.8785913,"1475 Dempsey Rd, Milpitas","['Burger King, 1475, Dempsey Road, Milpitas, Santa Clara County, California, 95035, United States']"
286,Burger King,37.3528186,-121.9585231,"1925 El Camino Real, Santa Clara","['1925, El Camino Real, Santa Clara, Santa Clara County, California, 95050, United States']"
287,Burger King,37.5323809,-121.9586639,"3996 Washington Blvd, Fremont","['3996, Washington Boulevard, Irvington District, Fremont, Alameda County, California, 94538, United States']"
288,Burger King,34.036725,-117.7489542,"1908 S Garey Ave, Pomona","['1908, South Garey Avenue, Pomona, Los Angeles County, California, 91766, United States']"
289,Burger King,34.0647513,-117.5565999,"4325 E Guasti Rd, Ontario","['East Guasti Road, Old Guasti Winery, Guasti, Ontario, San Bernardino County, California, 91743, United States']"
290,Burger King,34.0769431,-117.6899178,"9710 Central Ave, Montclair","['9710, Central Avenue, Montclair, San Bernardino County, California, 91763, United States']"
291,Burger King,34.0333067,-117.6869777,"5451 Philadelphia St, Chino","['5451, Philadelphia Street, Chino, San Bernardino County, California, 91710, United States']"
292,Burger King,37.3652266,-121.8923074,"1181 Old Oakland Rd, San Jose","['Oakland Road, San Jose, Santa Clara County, California, 95035-8004, United States']"
293,Burger King,37.3955092,-122.0293544,"773 N Mathilda Ave, Sunnyvale","['773, North Mathilda Avenue, Sunnyvale, Santa Clara County, California, 94085, United States']"
294,Burger King,37.3337483,-121.8542767,"1030 McLaughlin Ave, San Jose","['Burger King, 1030, McLaughlin Avenue, Little Saigon, San Jose, Santa Clara County, California, 95122, United States']"
295,Burger King,37.3375894,-121.9380417,"1305 N Bascom Ave, San Jose","['1305, North Bascom Avenue, San Jose, Santa Clara County, California, 95128, United States']"
296,Burger King,37.3198376,-121.9738739,"385 Kiely Blvd, San Jose","['Burger King, 385, South Kiely Boulevard, San Jose, Santa Clara County, California, 95129, United States']"
297,Burger King,37.2904555,-121.8804916,"2390 Almaden Rd, San Jose","['Burger King, 2390, Almaden Road, San Jose, Santa Clara County, California, 95125, United States']"
298,Burger King,37.3092477,-121.9937847,"5154 Moorpark Ave, San Jose","['Lakshmi Bazaar, 5154, Moorpark Avenue, San Jose, Santa Clara County, California, 95129, United States']"
299,Burger King,37.2499527,-121.8635983,"936 Blossom Hill Rd, San Jose","['Burger King, 936, Blossom Hill Road, Alamitos, San Jose, Santa Clara County, California, 95123, United States']"
300,Burger King,37.3557075,-121.8191676,"3098 Story Rd, San Jose","['Burger King, 3098, Story Road, Alum Rock, San Jose, Santa Clara County, California, 95127, United States']"
301,Burger King,37.3704982,-121.8442556,"329 N Capitol Ave, San Jose","['329, North Capitol Avenue, San Jose, Santa Clara County, California, 95133, United States']"
302,Burger King,37.2944268,-121.832926,"635 E Capitol Expy, San Jose","['635, East Capitol Expressway, Spartan Keyes, San Jose, Santa Clara County, California, 95111, United States']"
303,Burger King,37.29450629999999,-121.9505359,"49 W Hamilton Ave, Campbell","['Burger King, 49, West Hamilton Avenue, Campbell, Santa Clara County, California, 95008, United States']"
304,Burger King,37.3044955,-121.8615358,"2170 Monterey Rd, San Jose","['Burger King, 2170, Monterey Road, Spartan Keyes, San Jose, Santa Clara County, California, 95112, United States']"
305,Burger King,37.2792241,-121.8358374,"4040 Monterey Rd, San Jose","['Burger King, 4040, Monterey Road, Seven Trees, San Jose, Santa Clara County, California, 95111, United States']"
306,Burger King,37.0213328,-121.5680895,"450 Leavesley Rd, Gilroy","['450, Leavesley Road, Gilroy, Santa Clara County, California, 95020, United States']"
307,Burger King,37.2207827,-121.8618844,"6477 Almaden Rd Spc D-1a, San Jose",['NaN']
308,Burger King,32.819862,-117.1730331,"6401 Balboa Ave, San Diego","['Burger King, 6401, Balboa Avenue, Clairemont, San Diego, San Diego County, California, 92111-2201, United States']"
309,Burger King,32.7618864,-117.0656535,"6135 El Cajon Blvd, San Diego","['6135, El Cajon Boulevard, Mid-City, San Diego, San Diego County, California, 92115, United States']"
310,Burger King,32.9068805,-117.1730718,"6735 Mira Mesa Blvd, San Diego","['6735, Mira Mesa Boulevard, San Diego, San Diego County, California, 92121-4311, United States']"
311,Burger King,32.7520021,-117.2037323,"3747 Rosecrans St, San Diego","['3747, Rosecrans Street, Old Town, San Diego, San Diego County, California, 92110, United States']"
312,Burger King,32.8799763,-117.2358375,"9500 Gilman Dr, San Diego","['28, Gilman Drive, University City, San Diego, San Diego County, California, 92093, United States']"
313,Burger King,32.7427111,-117.0479182,"6960 Broadway, Lemon Grove","['6960, Broadway, Lemon Grove, San Diego County, California, 91945, United States']"
314,Burger King,32.7180234,-117.1548933,"1210 11th Ave, San Diego","[""1210, 11th Avenue, Core District, Banker's Hill, San Diego, San Diego County, California, 92101, United States""]"
315,Burger King,32.8058687,-116.9714704,"822 N Johnson Ave, El Cajon","['Burger King, 822, North Johnson Avenue, El Cajon, San Diego County, California, 92020, United States']"
316,Burger King,33.1138799,-117.1019572,"1310 W Valley Pkwy, Escondido","['Burger King, 1310, West Valley Parkway, Escondido, San Diego County, California, 92029, United States']"
317,Burger King,33.1034978,-117.0761753,"1677 S Centre City Pkwy, Escondido","['Burger King, 1677, South Centre City Parkway, Escondido, San Diego County, California, 92025, United States']"
318,Burger King,33.1999311,-117.2464682,"377 Vista Village Dr, Vista","['Burger King, 377, Vista Village Drive, Vista, San Diego County, California, 92083, United States']"
319,Burger King,33.1373491,-117.179819,"728 W San Marcos Blvd, San Marcos","['Burger King, 728, West San Marcos Boulevard, San Marcos, San Diego County, California, 92096, United States']"
320,Burger King,33.5639842,-117.7131836,"27470 Alicia Pkwy, Laguna Niguel","['Walmart Supercenter, 27470, Alicia Parkway, Laguna Niguel, Orange County, California, 92677, United States']"
321,Burger King,33.1344831,-117.0575184,"1707 E Valley Pkwy, Escondido","['1707, East Valley Parkway, Escondido, San Diego County, California, 92027, United States']"
322,Burger King,33.177073,-117.297741,"3405 Marron Rd, Oceanside","['Walmart Supercenter, 3405, Marron Road, Quarry Creek Shopping Center, Oceanside, San Diego County, California, 92056, United States']"
323,Burger King,33.22464,-117.3329236,"3746 Mission Ave, Oceanside","['Burger King, 3746, Mission Avenue, Oceanside, San Diego County, California, 92058, United States']"
324,Burger King,33.5632171,-117.6469867,"27702 Crown Valley Pkwy Suite G, Ladera Ranch",['NaN']
325,Burger King,33.1296057,-117.0891416,"244 W Mission Ave, Escondido","['Burger King, 244, West Mission Avenue, Escondido, San Diego County, California, 92025, United States']"
326,Burger King,36.9785955,-121.9653765,"2001 41st Ave, Capitola","['Burger King, 2001, 41st Avenue, Capitola Mall, Capitola, Santa Cruz County, California, 95010, United States']"
327,Burger King,36.9808957,-122.0074541,"1302 Soquel Ave, Santa Cruz","['1302, Soquel Avenue, Soquel Avenue Commercial Corridor, Eastside, Santa Cruz, Santa Cruz County, California, 95062, United States']"
328,Burger King,36.9627872,-122.0433708,"2015 Mission St, Santa Cruz",['NaN']
329,Burger King,36.8005129,-121.6645657,"8093 San Miguel Canyon Rd, Salinas","['Burger King, 8093, San Miguel Canyon Road, C. F. Langley Subdivision, Salinas, Monterey County, California, 93907, United States']"
330,Burger King,36.6637265,-121.6570725,"909 S Main St, Salinas","['South Main Street, Salinas, Monterey County, California, 93901, United States']"
331,Burger King,36.5994772,-121.8497273,"1090 Fremont Blvd, Seaside","['1090, Fremont Boulevard, Seaside, Monterey County, California, 93955, United States']"
332,Burger King,36.9071048,-121.7528996,"142 Main St, Watsonville","['142, Main Street, Watsonville, Santa Cruz County, California, 95076, United States']"
333,Burger King,36.7218579,-121.6636355,"131 Auto Center Cir, Salinas","['131, Auto Center Circle, Salinas Auto Center, Santa Rita, Salinas, Monterey County, California, 93907, United States']"
334,Burger King,36.6706576,-121.6271657,"41 S Sanborn Rd, Salinas","['41, South Sanborn Road, Salinas, Monterey County, California, 93905, United States']"
335,Burger King,36.6958252,-121.596913,"1589 N Sanborn Rd, Salinas","['Burger King, 1589, North Sanborn Road, Salinas, Monterey County, California, 93905-4717, United States']"
336,Burger King,36.687092,-121.7996706,"200 Reservation Rd, Marina","['200, Reservation Road, Marina, Monterey County, California, 93933, United States']"
337,Burger King,36.70500990000001,-121.6535546,"1375 N Main St, Salinas","['1375, North Main Street, Salinas, Monterey County, California, 93906, United States']"
338,Burger King,36.7618475,-121.7533033,"11290 Merritt St, Castroville","['11290, Merritt Street, Castroville, Monterey County, California, 95012, United States']"
339,Burger King,36.837713,-121.3903105,"1720 Airline Hwy, Hollister","['Airline Highway, Hollister, San Benito County, California, 95023-7612, United States']"
340,Burger King,36.9267919,-121.7653209,"1403 Freedom Blvd, Watsonville","['1403, Freedom Boulevard, Watsonville, Santa Cruz County, California, 95076, United States']"
341,Burger King,33.6999837,-116.19309,"48079 Grapefruit Blvd, Coachella","['Grapefruit Boulevard, Coachella, Riverside County, California, United States']"
342,Burger King,33.7115077,-116.2375049,"81-779 CA-111, Indio","['111, Indio Drive, Baden, South San Francisco, San Mateo County, California, 94080, United States']"
343,Burger King,33.7727571,-116.958323,"1503 S San Jacinto Ave, San Jacinto","['San Jacinto Avenue, San Jacinto, Riverside County, California, 92583, United States']"
344,Burger King,33.7593055,-116.2970477,"78405 Varner Rd, Palm Desert","['KHCS-FM (Palm Desert), Varner Road, Thousand Palms, Cathedral City, Riverside County, California, 92263, United States']"
345,Burger King,34.1322462,-116.3845298,"58501 Twentynine Palms Highway, Yucca Valley",['NaN']
346,Burger King,33.9289521,-116.9472903,"1695 E 6th St, Beaumont","['1695, East 6th Street, Beaumont, Riverside County, California, 92223, United States']"
347,Burger King,33.7980884,-116.3848987,"Inside Walmart, 34500 Monterey Ave, Palm Desert",['NaN']
348,Burger King,34.1350723,-116.098001,"71707 Twentynine Palms Highway, Twentynine Palms","['Holiday Inn Express Hotel & Suites Twentynine Palms, 29 Palms Highway, Smoke Tree, Twentynine Palms, San Bernardino County, California, 92277, United States']"
349,Burger King,37.8079032,-121.2165678,"700 N Main St, Manteca","['700, North Main Street, Manteca, San Joaquin County, California, 95336, United States']"
350,Burger King,37.7597796,-121.4345418,"3220 N Tracy Blvd, Tracy","['Burger King, 3220, North Tracy Boulevard, Greenfield, Tracy, San Joaquin County, California, 95376, United States']"
351,Burger King,37.7536791,-121.4695624,"2890 Grant Line Rd, Tracy","['East Grant Line Road, Tracy, San Joaquin County, California, 95376, United States']"
352,Burger King,37.8251934,-121.2877294,"15119 S Harlan Rd, Lathrop","['15119, South Harlan Road, Lathrop, San Joaquin County, California, 95330, United States']"
353,Burger King,37.9374623,-121.296224,"Burger King, 619 W Charter Way, Stockton","['Burger King, West Charter Way, Stockton, San Joaquin County, California, 95202, United States']"
354,Burger King,37.9056626,-121.2213582,"4881 CA-99, Stockton","['CA 99, Stockton, San Joaquin County, California, 95213, United States']"
355,Burger King,37.9634435,-121.2732381,"702 N Wilson Way, Stockton","['702, North Wilson Way, Stockton, San Joaquin County, California, 95205, United States']"
356,Burger King,39.9272363,-122.197921,"888 West Highway 99, Corning",['NaN']
357,Burger King,39.94384429999999,-122.1969842,California 96021,"['Corning, Tehama County, California, 96021, United States']"
358,Burger King,34.0593241,-118.1724615,"1540 N Eastern Ave, Los Angeles","['1540, North Eastern Avenue, East Los Angeles, Los Angeles County, California, 90063, United States']"
359,Burger King,34.089958,-117.9250976,"1681 W San Bernardino Rd, Covina","['1681, West San Bernardino Road, West Covina, Los Angeles County, California, 91790, United States']"
360,Burger King,34.0605759,-118.2443127,"700 E Cesar E Chavez Ave, Los Angeles","['700, East Cesar E Chavez Avenue, Downtown, Los Angeles, Los Angeles County, California, 90012, United States']"
361,Burger King,36.77158379999999,-119.8644014,"4087 W Clinton Ave, Fresno","['4087, West Clinton Avenue, Fresno, Fresno County, California, 93722, United States']"
362,Burger King,36.7084216,-119.6996844,"2567 S Clovis Ave, Fresno","['2567, South Clovis Avenue, Fresno, Fresno County, California, 93727, United States']"
363,Burger King,36.8383548,-119.7536628,"7012 N Cedar Ave, Fresno","['7012, North Cedar Avenue, Fresno, Fresno County, California, 93720, United States']"
364,Burger King,36.8080196,-119.7794576,"481 E Shaw Ave, Fresno","['481, East Shaw Avenue, Fresno, Fresno County, California, 93710, United States']"
365,Burger King,36.7515272,-119.700885,"575 N Clovis Ave, Fresno","['575, North Clovis Avenue, Clovis, Fresno County, California, 93619, United States']"
366,Burger King,36.808561,-119.8546354,"3482 W Shaw Ave, Fresno","['3482, West Shaw Avenue, Fresno, Fresno County, California, 93711, United States']"
367,Burger King,36.7727514,-119.7539509,"2410 N Cedar Ave, Fresno","['2410, North Cedar Avenue, Fresno, Fresno County, California, 93703, United States']"
368,Burger King,36.8100621,-119.7140171,"1886 Villa Ave, Clovis","['1886, Villa Avenue, Clovis, Fresno County, California, 93612, United States']"
369,Burger King,37.3874723,-120.7381183,"435 Winton Pkwy, Livingston","['Travel Centers Of America, 435, Winton Parkway, Livingston, Merced County, California, 95334, United States']"
370,Burger King,36.775747,-119.790858,"2755 N Blackstone Ave, Fresno","['2755, North Blackstone Avenue, Fresno, Fresno County, California, 93703, United States']"
371,Burger King,36.735661,-119.7449067,"4610 East King's Canyon Rd, Fresno",['NaN']
372,Burger King,36.7308394,-119.8001723,"1233 Fresno St, Fresno","['1233, Fresno Street, Fresno, Fresno County, California, 93706, United States']"
373,Burger King,36.8368918,-119.6996201,"820 Herndon Ave, Clovis","['820, Herndon Avenue, Clovis, Fresno County, California, 93612, United States']"
374,Burger King,36.7353805,-120.0591731,"14890 W Whitesbridge Ave, Kerman","['14890, West Whitesbridge Avenue, Kerman, Fresno County, California, 93630, United States']"
375,Burger King,36.837523,-119.8718026,"7031 N Blythe Ave, Fresno","['7031, North Blythe Avenue, Fresno, Fresno County, California, 93722, United States']"
376,Burger King,36.7600016,-120.3861706,"157 Derrick Ave, Mendota","['Derrick Avenue, Mendota, Fresno County, California, 93640, United States']"
377,Burger King,32.6934473,-117.1342185,"1220 S 28th St, San Diego","['1220, South 28th Street, Barrio Logan, San Diego, San Diego County, California, 92113, United States']"
378,Burger King,32.6484564,-117.063725,"97 Bonita Rd, Chula Vista","['97, Bonita Road, Sunny Vista, Chula Vista, San Diego County, California, 91910, United States']"
379,Burger King,32.6776766,-117.0982155,"815 Highland Ave, National City","['815, Highland Avenue, National City, San Diego County, California, 91950, United States']"
380,Burger King,32.6362963,-117.0212227,"899 E H St, Chula Vista","['Burger King, 899, East H Street, Rancho del Rey, Chula Vista, San Diego County, California, 91902, United States']"
381,Burger King,32.6079698,-117.0663951,"1265 3rd Ave, Chula Vista","['1265, 3rd Avenue, Castle Park, Chula Vista, San Diego County, California, 91911, United States']"
382,Burger King,32.6279454,-117.0879373,"599 Broadway, Chula Vista","['599, Broadway, Chula Vista, San Diego County, California, 91910, United States']"
383,Burger King,32.6979053,-117.1697158,"1201 1st St, Coronado","['Bike & Kayak toursp, 1201, 1st Street, Coronado, San Diego County, California, 92135, United States']"
384,Burger King,32.5842494,-117.1084012,"1180 Palm Ave, Imperial Beach","['1180, Palm Avenue, Imperial Beach, San Diego County, California, 91932, United States']"
385,Burger King Mesa,32.5008192,-116.9705656,"Blvd. Gustavo Diaz Ordaz 5231, Guillen, Tijuana",['NaN']
386,Burger King,32.6539998,-117.065369,"3030 Plaza Bonita Rd Ste 2075, National City",['NaN']
387,Burger King,32.674944,-117.0988986,"1200 Highland Ave, National City","['Walmart Supercenter, 1200, Highland Avenue, National City, San Diego County, California, 91950, United States']"
388,Burger King,32.7119054,-117.1154246,"3676 Market St, San Diego","['Burger King, 3676, Market Street, Mount Hope, San Diego, San Diego County, California, 92102, United States']"
389,Burger King,38.6773515,-121.7966087,"251 W Main St, Woodland","['251, West Main Street, Woodland, Northampton County, North Carolina, 27897, United States']"
390,Burger King,38.67684759999999,-121.7361975,"1830 E Main St, Woodland","['Burger King, 1830, East Main Street, Woodland, Yolo County, California, 95776, United States']"
391,Burger King,38.4951849,-121.4292034,"7218 Stockton Blvd, Sacramento","['Burger King, 7218, Stockton Boulevard, Elk Grove, Sacramento County, California, 95823, United States']"
392,Burger King,38.4584196,-121.8406465,"1350 Stratford Ave, Dixon","['1350, Stratford Avenue, Dixon, Solano County, California, 95620, United States']"
393,Burger King,39.1513689,-123.1935836,"711 E Perkins St, Ukiah","['East Perkins Street, Oak Manor, Ukiah, Mendocino County, California, 95482, United States']"
394,Burger King,39.0321027,-122.9259583,"1142 Lakeport Blvd, Lakeport","['Lakeport Boulevard, Lakeport, Lake County, California, 95453, United States']"
395,Burger King,36.5766959,-119.6326925,"3200 Floral Ave, Selma","['Floral Avenue, Selma, Fresno County, California, 93662, United States']"
396,Burger King,36.7055177,-119.5552316,"736 Academy Ave, Sanger","['736, Academy Avenue, Sanger, Fresno County, California, 93657, United States']"
397,Burger King,36.6045715,-119.5475681,"13609 Manning Ave, Parlier","['East Manning Avenue, Parlier, Fresno County, California, 93648, United States']"
398,Burger King,36.9411506,-120.0566024,"1230 S Madera Ave, Madera","['South Madera Avenue, Madera, Madera County, California, 93637, United States']"
399,Burger King,36.5455743,-119.4013962,"680 W El Monte Way, Dinuba","['West El Monte Way, Dinuba, Tulare County, California, 93618, United States']"
400,Burger King,38.8867822,-121.2919539,"115 Lincoln Blvd, Lincoln","['Burger King, 115, Lincoln Boulevard, Lincoln, Placer County, California, 95648, United States']"
401,Burger King,38.9417076,-121.0962626,"2905 Bell Rd, Auburn","['Briar Patch - Auburn, Bell Road, Placer County, California, 95603, United States']"
402,Burger King,39.2360272,-121.0386616,"1857 E Main St, Grass Valley","['East Main Street, Grass Valley, Nevada County, California, 95945, United States']"
403,Burger King,39.2918292,-120.6783725,"41965 Nyack Rd, Emigrant Gap","['Burger King, 41965, Nyack Road, Placer County, California, 95715, United States']"
404,Burger King,38.8631572,-121.951658,"30038 County Road 8, Dunnigan",['NaN']
405,Burger King,34.1002693,-118.0738898,"5541 Rosemead Blvd, Temple City","['5541, Rosemead Boulevard, Temple City, Los Angeles County, California, 91780, United States']"
406,Burger King,34.084934,-117.9650652,"14130 Ramona Blvd, Baldwin Park","['14130, Ramona Boulevard, Baldwin Park, Los Angeles County, California, 91706, United States']"
407,Burger King,34.0342203,-117.9744697,"14600 Valley Blvd, La Puente","['Valley Boulevard, La Puente, Los Angeles County, California, 91789, United States']"
408,Burger King,34.107233,-118.0344178,"82 Las Tunas Dr, Arcadia","['82, Las Tunas Drive, Arcadia, Los Angeles County, California, 91007, United States']"
409,Burger King,33.9855148,-118.3938878,"6000 Sepulveda Blvd, Culver City","['Best Buy, 6000, Sepulveda Boulevard, Fox Hills, Playa Vista, Culver City, Los Angeles County, California, 90230, United States']"
410,Burger King,38.1057587,-122.2319028,"1 Mariposa St, Vallejo","['1, Mariposa Street, Vallejo, Solano County, California, 94590, United States']"
411,Burger King,38.050199,-122.5321242,"220 Alameda del Prado, Novato","['220, Alameda del Prado, Novato, Marin County, California, 94949, United States']"
412,Burger King,38.0666583,-122.1655668,"828 Southampton Rd, Benicia","['828, Southampton Road, Benicia, Solano County, California, 94510, United States']"
413,Burger King,38.1237371,-122.2547865,"3606 Sonoma Blvd, Vallejo","['3606, Sonoma Boulevard, Vallejo, Solano County, California, 94590, United States']"
414,Burger King,33.8724466,-118.1182435,"10134 Artesia Blvd, Bellflower","['10134, Artesia Boulevard, Bellflower, Los Angeles County, California, 90706, United States']"
415,Burger King,41.7586087,-124.1977302,"1250 9th St, Crescent City","['1250, 9th Street, Crescent City, Del Norte County, California, 95531, United States']"
416,Burger King,42.053669,-124.287609,"835 Chetco Ave, Brookings","['Chetco Avenue, Brookings, Curry County, Oregon, 97415, United States']"
417,Burger King,37.4894954,-122.2381648,"575 El Camino Real, Redwood City",['NaN']
418,Burger King,33.8390798,-117.8857885,"2210 E Lincoln Ave, Anaheim","['2210, East Lincoln Avenue, Anaheim, Orange County, California, 92806, United States']"
419,Burger King,33.8746184,-117.8888805,"2403 E Chapman Ave, Fullerton","['2403, East Chapman Avenue, Fullerton, Orange, Fullerton, Orange County, California, 92831, United States']"
420,Burger King,33.8098966,-118.125641,"2955 N Bellflower Blvd, Long Beach","['North Bellflower Boulevard, Los Altos, Long Beach, Los Angeles County, California, 90808, United States']"
421,Burger King,38.3520105,-121.9506577,"681 Elmira Rd, Vacaville","['681, Elmira Road, Regency Park Plaza, Vacaville, Solano County, California, 95687, United States']"
422,Burger King,38.3359641,-121.9699814,"1939 Peabody Rd, Vacaville","['Peabody Road, Vacaville, Solano County, California, 95687, United States']"
423,Burger King,38.5620426,-121.7691424,"2026 Lyndell Terrace, Davis","['2026, Lyndell Terrace, Davis, Yolo County, California, 95616, United States']"
424,Burger King,38.361439,-121.971729,"1330 E Monte Vista Ave, Vacaville","['Burger King, 1330, East Monte Vista Avenue, Vacaville, Solano County, California, 95688, United States']"
425,Burger King,36.4174837,-121.3202521,"2107 H Dela Rosa Sr St, Soledad","['2107, H Dela Rosa Sr Street, Soledad Mission Shopping Center, Soledad, Monterey County, California, 93960, United States']"
426,Burger King,37.0451672,-122.0277697,"227 Mt Hermon Rd, Scotts Valley","[""227, Mount Hermon Road, King's Village Shopping Center, Scotts Valley, Santa Cruz County, California, 95066, United States""]"
427,Burger King,36.1961453,-119.3394989,"601 E Bardsley Ave, Tulare","['601, East Bardsley Avenue, Tulare, Tulare County, California, 93274, United States']"
428,Burger King,36.0511048,-119.025792,"820 S Jaye St, Porterville","['820, South Jaye Street, Porterville, Tulare County, California, 93257, United States']"
429,Burger King,36.0808556,-119.0414431,"1092 W Henderson Ave, Porterville","['1092, West Henderson Avenue, Porterville, Tulare County, California, 93257, United States']"
430,Burger King,36.2040077,-119.1044059,"955 W Hermosa St, Lindsay","['955, West Hermosa Street, Lindsay, Tulare County, California, 93247, United States']"
431,Burger King,36.3031469,-119.3142812,"3101 S Mooney Blvd, Visalia","['South Mooney Boulevard, Visalia, Tulare County, California, 93291, United States']"
432,Burger King,36.3260052,-119.3313208,"500 S Demaree St, Visalia","['500, South Demaree Street, Visalia, Tulare County, California, 93277, United States']"
433,Burger King,36.2250161,-119.3355185,"1255 N Blackstone St, Tulare","['1255, North Blackstone Street, Tulare, Tulare County, California, 93274, United States']"
434,Burger King,36.338428,-119.2792055,"1009 N Ben Maddox Way, Visalia","['1009, North Ben Maddox Way, Visalia, Tulare County, California, 93292, United States']"
435,Burger King,38.0168418,-121.9425034,"604 Bailey Rd, Bay Point","['Bailey Road, Bay Point, Contra Costa County, California, United States']"
436,Burger King,37.9976402,-121.7309712,"2505 Main St, Oakley","['Main Street, Oakley, Contra Costa County, California, 94561, United States']"
437,Burger King,38.0143384,-121.8910243,"2162 Railroad Ave, Pittsburg","['2162, Railroad Avenue, Pittsburg, Contra Costa County, California, 94565, United States']"
438,Burger King,42.2106718,-121.7565287,"2710 S 6th St, Klamath Falls","['2710, South 6th Street, Klamath Falls, Klamath County, Oregon, 97603, United States']"
439,Burger King,42.2069049,-121.7216359,"5441 S 6th St, Klamath Falls","['South 6th Street, Klamath Falls, Klamath County, Oregon, 97603, United States']"
440,Burger King,42.2501948,-121.7892174,"2561 Campus Dr, Klamath Falls","['Burger King, 2561, Campus Drive, Klamath Falls, Klamath County, Oregon, 97601, United States']"
441,Burger King,36.857588,-120.4561874,"1185 N St, Firebaugh",['NaN']
442,Burger King,37.0976608,-120.2179046,"18158 Avenue 24, Chowchilla","['Avenue 24, Chowchilla, Madera County, California, United States']"
443,Burger King,41.31143429999999,-122.3170038,"410 W Lake St, Mt Shasta","['Burger King, 410, West Lake Street, Mount Shasta, Siskiyou County, California, 96067, United States']"
444,Burger King,34.0630134,-118.0908121,"3003 San Gabriel Blvd, Rosemead","['Burger King, 3003, San Gabriel Boulevard, South San Gabriel, Rosemead, Los Angeles County, California, 91770, United States']"
445,Burger King,37.9650146,-121.7793301,"4620 Lone Tree Wy, Antioch","['Lone Tree Way, Antioch, Contra Costa County, California, 94531, United States']"
446,Burger King,41.7032855,-122.6458607,"1803 Fort Jones Rd, Yreka","['1803, Fort Jones Road, Yreka, Siskiyou County, California, 96097, United States']"
447,Burger King,36.330078,-119.391584,"9017 E Crowley Ave, Visalia",['NaN']
448,Burger King,36.2970377,-119.1556549,"West, 1118 W Visalia Rd, Exeter","['Exeter Church of the Nazarene, 400, West Visalia Road, Exeter, Tulare County, California, 93221, United States']"
449,Burger King,36.350978,-119.4245987,"6603 Betty Dr, Goshen","['6603, Betty Drive, Goshen, Tulare County, California, 93291, United States']"
450,Burger King,36.6252109,-119.3229629,"1310 Park Blvd, Orange Cove","['Park Boulevard, Orange Cove, Fresno County, California, 93646, United States']"
451,Burger King,37.9944463,-122.1193349,"7 Muir Rd, Martinez","['7, Muir Road, Martinez, Contra Costa County, California, 94553, United States']"
452,Burger King,37.9727177,-122.0635064,"677 Contra Costa Blvd, Pleasant Hill","['677, Contra Costa Boulevard, College Park, Pleasant Hill, Contra Costa County, California, 94523, United States']"
453,Burger King,37.9256553,-122.0631923,"2855 N Main St, Walnut Creek","['2855, North Main Street, Walnut Creek, Contra Costa County, California, 94597, United States']"
454,Burger King,34.0196244,-118.4698632,"1919 Pico Blvd, Santa Monica","['1919, West Pico Boulevard, Santa Monica, Los Angeles County, California, 90405, United States']"
455,Burger King,34.0004486,-118.3949442,"10812 Jefferson Blvd, Culver City","['10812, Jefferson Boulevard, Culver City, Los Angeles County, California, 90230, United States']"
456,Burger King,34.2169446,-118.4481534,"8030 Van Nuys Blvd, Panorama City","['8030, Van Nuys Boulevard, Panorama City, Los Angeles, Los Angeles County, California, 91402, United States']"
457,Burger King,34.16324300000001,-118.4491498,"5109 Van Nuys Blvd, Sherman Oaks","['5109, Van Nuys Boulevard, Sherman Oaks, Los Angeles, Los Angeles County, California, 91403, United States']"
458,Burger King,34.22105,-118.4717211,"15554 Roscoe Blvd, Van Nuys","['15554, Roscoe Boulevard, North HIlls East Neighborhood Council District, Van Nuys, Los Angeles, Los Angeles County, California, 91406, United States']"
459,Burger King,34.2009661,-118.3839505,"11546 Sherman Way, North Hollywood",['NaN']
460,Burger King,39.3989085,-123.3490098,"1355 S Main St, Willits","['South Main Street, Willits, Mendocino County, California, 95490, United States']"
461,Burger King,37.9366521,-121.6973189,"1105 2nd St, Brentwood","['Burger King, 1105, 2nd Street, Brentwood, Contra Costa County, California, 94513, United States']"
462,Burger King,37.4288893,-121.9103746,"175 W Calaveras Blvd, Milpitas","['Burger King, 175, West Calaveras Boulevard, Milpitas, Santa Clara County, California, 95035, United States']"
463,Burger King,36.202577,-121.1297453,"600 Canal St, King City","['600, Canal Street, King City, Monterey County, California, 93930, United States']"
464,Burger King,36.32893320000001,-121.245258,"520 Walnut Ave, Greenfield","['520, Walnut Avenue, Greenfield, Monterey County, California, 93927, United States']"
465,Burger King,37.46545940000001,-121.1405635,"102 Ward Ave, Patterson","['Ward Avenue, Patterson, Stanislaus County, California, 95363, United States']"
466,Burger King,33.9420227,-117.2594578,"23125 Hemlock Ave, Moreno Valley","['23125, Hemlock Avenue, Sunnymead, Moreno Valley, Riverside County, California, 92557, United States']"
467,Burger King,34.0707969,-117.3708724,"1366 S Riverside Ave, Rialto","['Walmart Supercenter, 1366, South Riverside Avenue, Rialto, San Bernardino County, California, 92376, United States']"
468,Burger King,34.0767654,-117.5511109,"4649 Mills Cir, Ontario","['Burger King, 4649, Mills Circle, Ontario Mills, Ontario, San Bernardino County, California, 91764, United States']"
469,Burger King,37.155599,-121.6495885,"1107 Cochrane Rd Suite #150, Morgan Hill",['NaN']
470,Burger King,37.1290531,-121.6374225,"830 E Dunne Ave, Morgan Hill","['Burger King, 830, East Dunne Avenue, Morgan Hill, Santa Clara County, California, 95037, United States']"
471,Burger King,32.5343104,-117.0365798,"Av. Revolución # 898, Centro, Tijuana","['Avenida Revolución, Zona Centro, Tijuana, Municipio de Tijuana, Baja California, 22055, México']"
472,Burger King,33.9742659,-118.2829553,"7201 S Figueroa St, Los Angeles","['7201, South Figueroa Street, Vermont Knolls, Los Angeles, Los Angeles County, California, 90003, United States']"
473,Burger King,33.9245953,-118.1285433,"Inside Walmart, 9001 Apollo Way, Downey",['NaN']
474,Burger King,33.9602487,-118.3020138,"1453 W Manchester Ave, Los Angeles","['1453, West Manchester Avenue, Manchester Square, Los Angeles, Los Angeles County, California, 90047, United States']"
475,Burger King,37.78008000000001,-121.9688611,"3240 Crow Canyon Rd, San Ramon","['Burger King, 3240, Crow Canyon Road, San Ramon, Contra Costa County, California, 94583, United States']"
476,Burger King,37.951262,-121.9575253,"5400 Ygnacio Valley Rd, Concord","['Ygnacio Valley Road, Cowell, Concord, Contra Costa County, California, 94521, United States']"
477,Burger King,37.9638273,-121.991246,"4320 Clayton Rd, Concord","['4320, Clayton Road, Concord, Contra Costa County, California, 94521, United States']"
478,Burger King,38.642988,-121.1903721,"171 Iron Point Rd, Folsom","['171, Iron Point Road, Folsom, Sacramento County, California, 95630, United States']"
479,Burger King,38.6781528,-121.2648794,"8034 Greenback Ln, Citrus Heights","['A&W, 8034, Greenback Lane, Citrus Heights, Sacramento County, California, 95610, United States']"
480,Burger King,38.1008708,-121.2659927,"2600 Reynolds Ranch Pkwy Suite 100, Lodi",['NaN']
481,Burger King,33.9402993,-117.9700944,"2101 W Whittier Blvd, La Habra","['Burger King, 2101, West Whittier Boulevard, La Habra, Orange County, California, 90631, United States']"
482,Burger King,34.0990633,-117.8720409,"1070 N Grand Ave, Covina","['1070, North Grand Avenue, Covina, Los Angeles County, California, 91724, United States']"
483,Burger King,34.1399453,-118.0072269,"354 W Huntington Dr, Monrovia","['354, West Huntington Drive, Monrovia, Los Angeles County, California, 91016, United States']"
484,Burger King,33.9013212,-118.3094957,"14311 Western Ave, Gardena","['14311, South Western Avenue, Strawberry Park, Gardena, Los Angeles County, California, 90249, United States']"
485,Burger King,33.839414,-118.2856134,"20950 S Figueroa St, Carson","['20950, S Figueroa Street, Carson, Los Angeles County, California, 90745, United States']"
486,Burger King,34.5797618,-118.0826774,"2606 E Palmdale Blvd, Palmdale","['2606, East Palmdale Boulevard, Palmdale, Los Angeles County, California, 93550, United States']"
487,Burger King,34.6007616,-118.1481866,"39519 10th St W, Palmdale","['10th Street West, Palmdale, Los Angeles County, California, 93551-3713, United States']"
488,Burger King,34.6605842,-118.2040006,"4107 W Ave L, Lancaster","['4107, West Avenue L, Lancaster, Los Angeles County, California, 93536, United States']"
489,Burger King,34.2981603,-118.4382686,"2008 Glenoaks Blvd, San Fernando","['Glenoaks Boulevard, San Fernando, Los Angeles County, California, 91340, United States']"
490,Burger King,34.575708,-118.046252,"38137 47th St E, Palmdale","['38137, 47th Street East, Palmdale, Los Angeles County, California, 93552, United States']"
491,Burger King,34.6022784,-118.1848236,"3045 Rancho Vista Blvd, Palmdale","['3045, East Avenue P, Palmdale, Los Angeles County, California, 93550, United States']"
492,Burger King,37.6975019,-121.7429607,"4341 First St, Livermore","['Burger King, 4341, First Street, The Estate Collection, Livermore, Alameda County, California, 94551, United States']"
493,Burger King,34.1152621,-118.2458952,"3101 N San Fernando Rd, Los Angeles",['NaN']
494,Burger King,33.9599289,-118.2536924,"1202 Firestone Blvd, Los Angeles","['1202, Firestone Boulevard, Florence-Firestone, Los Angeles County, California, 90001, United States']"
495,Burger King,39.5570038,-119.7919379,"2901 Clear Acre Ln, Reno","['2901, Clear Acre Lane, North Valley, Reno, Washoe County, Nevada, 89512, United States']"
496,Burger King,39.5241015,-119.7680502,"1055 S Rock Blvd, Sparks","['Rock Boulevard, Sparks, Washoe County, Nevada, 89431, United States']"
497,Burger King,39.5265474,-119.8281813,"1105 W 4th St, Reno","['1105, West 4th Street, Powning Addition, Reno, Washoe County, Nevada, 89503, United States']"
498,Burger King,39.5360374,-119.7372852,"285 N McCarran Blvd, Sparks","['Burger King, 285, North McCarran Boulevard, Sparks, Washoe County, Nevada, 89431, United States']"
499,Burger King,39.5137285,-119.7895914,"1155 Kietzke Ln, Reno","['1155, Kietzke Lane, Reno, Washoe County, Nevada, 89502, United States']"
500,Burger King,39.53400329999999,-119.8663813,"5145 Mae Anne Ave, Reno","['5145, Mae Anne Avenue, Reno, Washoe County, Nevada, 89523, United States']"
501,Burger King,39.6049014,-119.8367947,"1025 N Hills Blvd, Reno","['1025, North Hills Boulevard, Reno, Washoe County, Nevada, 89506, United States']"
502,Burger King,39.6390748,-119.7106056,"9700 Pyramid Way, Sparks","['Pyramid Way, Sparks, Washoe County, Nevada, 89431-5025, United States']"
503,Burger King,39.4523772,-119.776646,"76 E Patriot Blvd, Reno","['76, East Patriot Boulevard, Reno, Washoe County, Nevada, 89511, United States']"
504,Burger King,37.5504626,-122.0503834,"34943 Newark Blvd, Newark","['Burger King, 34943, Newark Boulevard, Newark, Alameda County, California, 94555, United States']"
505,Burger King,37.4904648,-121.9280519,"46700 Mission Blvd, Fremont","['Burger King, 46700, Mission Boulevard, Warm Springs District, Fremont, Alameda County, California, 94539, United States']"
506,Burger King,33.8771899,-117.5857472,"1146 W 6th St, Corona","['1146, West 6th Street, Corona, Riverside County, California, 92882, United States']"
507,Burger King,33.9960485,-117.7190995,"3943 Grand Ave, Chino","['Walmart Supercenter, 3943, Grand Avenue, Chino, San Bernardino County, California, 91710, United States']"
508,Burger King,34.4748088,-114.3454928,"55 N Lake Havasu Ave, Lake Havasu City",['NaN']
509,Burger King,35.1216571,-114.5872473,"1751 AZ-95 #5, Bullhead City","['Bullhead City, Mohave County, Arizona, United States']"
510,Burger King,35.0182268,-114.5985038,"4753 AZ-95, Mohave Valley","[""Mohave Valley Highway, Mojave Ranch Estates, Mohave Valley / 'Amat' 'Analy Uuhwely, Mohave County, Arizona, 86427, United States""]"
511,Burger King,33.2014854,-117.3703068,"1420 Mission Ave, Oceanside","['Burger King, 1420, Mission Avenue, Oceanside, San Diego County, California, 92058, United States']"
512,Burger King,33.4818059,-117.09716,"32110 CA-79 South, Temecula",['NaN']
513,Burger King,40.7211606,-122.9282972,"1303 Main St, Weaverville","['Main Street, Weaverville, Trinity County, California, United States']"
514,Burger King,35.6237404,-117.6703262,"139 N China Lake Blvd, Ridgecrest","['139, North China Lake Boulevard, Ridgecrest, Kern County, California, 93555, United States']"
515,Burger King,33.8591638,-118.0367821,"5545 Orangethorpe Ave, La Palma","['5545, Orangethorpe Avenue, La Palma, Orange County, California, 90623, United States']"
516,Burger King,33.8581729,-117.9247436,"1329 S Harbor Blvd, Fullerton","['1329, South Harbor Boulevard, Fullerton, Orange County, California, 92832, United States']"
517,Burger King,33.9434211,-118.2010889,"4040 Tweedy Blvd, South Gate","['4040, Tweedy Boulevard, South Gate, Los Angeles County, California, 90280, United States']"
518,Burger King,39.1904382,-119.7723645,"3589 N Carson St, Carson City","['Burger King, 3589, North Carson Street, Carson City, Nevada, 89706, United States']"
519,Burger King,38.935647,-119.7382144,"1325 Highway 395 South, Gardnerville",['NaN']
520,Burger King,38.2720821,-121.9875754,"2005 Huntington Dr, Fairfield","['2005, Huntington Drive, Fairfield, Solano County, California, 94533, United States']"
521,Burger King,38.2692561,-121.9475354,"690 Airmen Dr, Travis AFB",['NaN']
522,Burger King,40.4155903,-120.6511158,"1520 Main St, Susanville","['Main Street, Susanville, Lassen County, California, 96130, United States']"
523,Burger King,37.7025868,-121.933195,"6921 Regional St, Dublin","['Burger King, 6921, Regional Street, Dublin, Alameda County, California, 94588, United States']"
524,Burger King,34.1053167,-117.6699,"910 N Mountain Ave, Upland","['910, North Mountain Avenue, Upland, San Bernardino County, California, 91786, United States']"
